brand,category,candidateCount,queuedCount,targetCount,gap,status,recommendedQueries
롬앤,lip,193,60,60,0,ready,롬앤 립틴트 | 롬앤 립스틱 | 롬앤 글로스
롬앤,shadow,53,53,60,7,partial,롬앤 아이섀도우 | 롬앤 섀도우 팔레트
롬앤,base,37,37,60,23,partial,롬앤 쿠션 | 롬앤 파운데이션 | 롬앤 베이스
롬앤,cheek,62,60,60,0,ready,롬앤 블러셔 | 롬앤 치크
롬앤,liner,7,7,60,53,partial,롬앤 아이라이너 | 롬앤 라이너
롬앤,brow,40,40,60,20,partial,롬앤 아이브로우 | 롬앤 브로우
페리페라,lip,337,60,60,0,ready,페리페라 립틴트 | 페리페라 립스틱 | 페리페라 글로스
페리페라,shadow,115,60,60,0,ready,페리페라 아이섀도우 | 페리페라 섀도우 팔레트
페리페라,base,92,60,60,0,ready,페리페라 쿠션 | 페리페라 파운데이션 | 페리페라 베이스
페리페라,cheek,154,60,60,0,ready,페리페라 블러셔 | 페리페라 치크
페리페라,liner,105,60,60,0,ready,페리페라 아이라이너 | 페리페라 라이너
페리페라,brow,171,60,60,0,ready,페리페라 아이브로우 | 페리페라 브로우
컬러그램,lip,77,60,60,0,ready,컬러그램 립틴트 | 컬러그램 립스틱 | 컬러그램 글로스
컬러그램,shadow,102,60,60,0,ready,컬러그램 아이섀도우 | 컬러그램 섀도우 팔레트
컬러그램,base,10,10,60,50,partial,컬러그램 쿠션 | 컬러그램 파운데이션 | 컬러그램 베이스
컬러그램,cheek,24,24,60,36,partial,컬러그램 블러셔 | 컬러그램 치크
컬러그램,liner,81,60,60,0,ready,컬러그램 아이라이너 | 컬러그램 라이너
컬러그램,brow,62,60,60,0,ready,컬러그램 아이브로우 | 컬러그램 브로우
웨이크메이크,lip,179,60,60,0,ready,웨이크메이크 립틴트 | 웨이크메이크 립스틱 | 웨이크메이크 글로스
웨이크메이크,shadow,100,60,60,0,ready,웨이크메이크 아이섀도우 | 웨이크메이크 섀도우 팔레트
웨이크메이크,base,198,60,60,0,ready,웨이크메이크 쿠션 | 웨이크메이크 파운데이션 | 웨이크메이크 베이스
웨이크메이크,cheek,61,60,60,0,ready,웨이크메이크 블러셔 | 웨이크메이크 치크
웨이크메이크,liner,70,60,60,0,ready,웨이크메이크 아이라이너 | 웨이크메이크 라이너
웨이크메이크,brow,83,60,60,0,ready,웨이크메이크 아이브로우 | 웨이크메이크 브로우
데이지크,lip,66,60,60,0,ready,데이지크 립틴트 | 데이지크 립스틱 | 데이지크 글로스
데이지크,shadow,97,60,60,0,ready,데이지크 아이섀도우 | 데이지크 섀도우 팔레트
데이지크,base,33,33,60,27,partial,데이지크 쿠션 | 데이지크 파운데이션 | 데이지크 베이스
데이지크,cheek,52,52,60,8,partial,데이지크 블러셔 | 데이지크 치크
데이지크,liner,6,6,60,54,partial,데이지크 아이라이너 | 데이지크 라이너
데이지크,brow,13,13,60,47,partial,데이지크 아이브로우 | 데이지크 브로우
클리오,lip,315,60,60,0,ready,클리오 립틴트 | 클리오 립스틱 | 클리오 글로스
클리오,shadow,171,60,60,0,ready,클리오 아이섀도우 | 클리오 섀도우 팔레트
클리오,base,404,60,60,0,ready,클리오 쿠션 | 클리오 파운데이션 | 클리오 베이스
클리오,cheek,107,60,60,0,ready,클리오 블러셔 | 클리오 치크
클리오,liner,212,60,60,0,ready,클리오 아이라이너 | 클리오 라이너
클리오,brow,198,60,60,0,ready,클리오 아이브로우 | 클리오 브로우
정샘물 뷰티,lip,44,44,60,16,partial,정샘물 뷰티 립틴트 | 정샘물 뷰티 립스틱 | 정샘물 뷰티 글로스
정샘물 뷰티,shadow,120,60,60,0,ready,정샘물 뷰티 아이섀도우 | 정샘물 뷰티 섀도우 팔레트
정샘물 뷰티,base,115,60,60,0,ready,정샘물 뷰티 쿠션 | 정샘물 뷰티 파운데이션 | 정샘물 뷰티 베이스
정샘물 뷰티,cheek,82,60,60,0,ready,정샘물 뷰티 블러셔 | 정샘물 뷰티 치크
정샘물 뷰티,liner,9,9,60,51,partial,정샘물 뷰티 아이라이너 | 정샘물 뷰티 라이너
정샘물 뷰티,brow,34,34,60,26,partial,정샘물 뷰티 아이브로우 | 정샘물 뷰티 브로우
3CE,lip,198,60,60,0,ready,3CE 립틴트 | 3CE 립스틱 | 3CE 글로스
3CE,shadow,102,60,60,0,ready,3CE 아이섀도우 | 3CE 섀도우 팔레트
3CE,base,78,60,60,0,ready,3CE 쿠션 | 3CE 파운데이션 | 3CE 베이스
3CE,cheek,76,60,60,0,ready,3CE 블러셔 | 3CE 치크
3CE,liner,15,15,60,45,partial,3CE 아이라이너 | 3CE 라이너
3CE,brow,28,28,60,32,partial,3CE 아이브로우 | 3CE 브로우
에뛰드,lip,143,60,60,0,ready,에뛰드 립틴트 | 에뛰드 립스틱 | 에뛰드 글로스
에뛰드,shadow,68,60,60,0,ready,에뛰드 아이섀도우 | 에뛰드 섀도우 팔레트
에뛰드,base,144,60,60,0,ready,에뛰드 쿠션 | 에뛰드 파운데이션 | 에뛰드 베이스
에뛰드,cheek,56,56,60,4,partial,에뛰드 블러셔 | 에뛰드 치크
에뛰드,liner,48,48,60,12,partial,에뛰드 아이라이너 | 에뛰드 라이너
에뛰드,brow,40,40,60,20,partial,에뛰드 아이브로우 | 에뛰드 브로우
더샘,lip,403,60,60,0,ready,더샘 립틴트 | 더샘 립스틱 | 더샘 글로스
더샘,shadow,172,60,60,0,ready,더샘 아이섀도우 | 더샘 섀도우 팔레트
더샘,base,444,60,60,0,ready,더샘 쿠션 | 더샘 파운데이션 | 더샘 베이스
더샘,cheek,129,60,60,0,ready,더샘 블러셔 | 더샘 치크
더샘,liner,116,60,60,0,ready,더샘 아이라이너 | 더샘 라이너
더샘,brow,152,60,60,0,ready,더샘 아이브로우 | 더샘 브로우
VDL,lip,30,30,60,30,partial,VDL 립틴트 | VDL 립스틱 | VDL 글로스
VDL,shadow,28,28,60,32,partial,VDL 아이섀도우 | VDL 섀도우 팔레트
VDL,base,306,60,60,0,ready,VDL 쿠션 | VDL 파운데이션 | VDL 베이스
VDL,cheek,64,60,60,0,ready,VDL 블러셔 | VDL 치크
VDL,liner,7,7,60,53,partial,VDL 아이라이너 | VDL 라이너
VDL,brow,4,4,60,56,partial,VDL 아이브로우 | VDL 브로우
라카,lip,327,60,60,0,ready,라카 립틴트 | 라카 립스틱 | 라카 글로스
라카,shadow,79,60,60,0,ready,라카 아이섀도우 | 라카 섀도우 팔레트
라카,base,33,33,60,27,partial,라카 쿠션 | 라카 파운데이션 | 라카 베이스
라카,cheek,50,50,60,10,partial,라카 블러셔 | 라카 치크
라카,liner,17,17,60,43,partial,라카 아이라이너 | 라카 라이너
라카,brow,33,33,60,27,partial,라카 아이브로우 | 라카 브로우
네이밍,lip,84,60,60,0,ready,네이밍 립틴트 | 네이밍 립스틱 | 네이밍 글로스
네이밍,shadow,1,1,60,59,partial,네이밍 아이섀도우 | 네이밍 섀도우 팔레트
네이밍,base,133,60,60,0,ready,네이밍 쿠션 | 네이밍 파운데이션 | 네이밍 베이스
네이밍,cheek,79,60,60,0,ready,네이밍 블러셔 | 네이밍 치크
네이밍,liner,50,50,60,10,partial,네이밍 아이라이너 | 네이밍 라이너
네이밍,brow,23,23,60,37,partial,네이밍 아이브로우 | 네이밍 브로우
투쿨포스쿨,lip,28,28,60,32,partial,투쿨포스쿨 립틴트 | 투쿨포스쿨 립스틱 | 투쿨포스쿨 글로스
투쿨포스쿨,shadow,23,23,60,37,partial,투쿨포스쿨 아이섀도우 | 투쿨포스쿨 섀도우 팔레트
투쿨포스쿨,base,93,60,60,0,ready,투쿨포스쿨 쿠션 | 투쿨포스쿨 파운데이션 | 투쿨포스쿨 베이스
투쿨포스쿨,cheek,8,8,60,52,partial,투쿨포스쿨 블러셔 | 투쿨포스쿨 치크
투쿨포스쿨,liner,38,38,60,22,partial,투쿨포스쿨 아이라이너 | 투쿨포스쿨 라이너
투쿨포스쿨,brow,17,17,60,43,partial,투쿨포스쿨 아이브로우 | 투쿨포스쿨 브로우
하트퍼센트,lip,102,60,60,0,ready,하트퍼센트 립틴트 | 하트퍼센트 립스틱 | 하트퍼센트 글로스
하트퍼센트,shadow,8,8,60,52,partial,하트퍼센트 아이섀도우 | 하트퍼센트 섀도우 팔레트
하트퍼센트,base,18,18,60,42,partial,하트퍼센트 쿠션 | 하트퍼센트 파운데이션 | 하트퍼센트 베이스
하트퍼센트,cheek,27,27,60,33,partial,하트퍼센트 블러셔 | 하트퍼센트 치크
하트퍼센트,liner,56,56,60,4,partial,하트퍼센트 아이라이너 | 하트퍼센트 라이너
하트퍼센트,brow,34,34,60,26,partial,하트퍼센트 아이브로우 | 하트퍼센트 브로우
에스쁘아,lip,162,60,60,0,ready,에스쁘아 립틴트 | 에스쁘아 립스틱 | 에스쁘아 글로스
에스쁘아,shadow,34,34,60,26,partial,에스쁘아 아이섀도우 | 에스쁘아 섀도우 팔레트
에스쁘아,base,261,60,60,0,ready,에스쁘아 쿠션 | 에스쁘아 파운데이션 | 에스쁘아 베이스
에스쁘아,cheek,51,51,60,9,partial,에스쁘아 블러셔 | 에스쁘아 치크
에스쁘아,liner,31,31,60,29,partial,에스쁘아 아이라이너 | 에스쁘아 라이너
에스쁘아,brow,97,60,60,0,ready,에스쁘아 아이브로우 | 에스쁘아 브로우
뮤드,lip,46,46,60,14,partial,뮤드 립틴트 | 뮤드 립스틱 | 뮤드 글로스
뮤드,shadow,24,24,60,36,partial,뮤드 아이섀도우 | 뮤드 섀도우 팔레트
뮤드,base,14,14,60,46,partial,뮤드 쿠션 | 뮤드 파운데이션 | 뮤드 베이스
뮤드,cheek,9,9,60,51,partial,뮤드 블러셔 | 뮤드 치크
뮤드,liner,0,0,60,60,missing,뮤드 아이라이너 | 뮤드 라이너
뮤드,brow,23,23,60,37,partial,뮤드 아이브로우 | 뮤드 브로우
