candidateId,brand,productName,category,domain,sourceUrl,phaseCStatus,blockedReason
naver-55025631188,롬앤,롬앤 컬러 립 매트,lip,www.oliveyoung.co.kr,https://www.oliveyoung.co.kr/store/common/partner.do?chlNo=1&chlDtlNo=1&utm_source=naver&utm_medium=shopping_ep&utm_campaign=onpro_ep_product_0101_1231&utm_content=pc_price&sndType=goods&sndVal=A000000219477,manual_review_required,terms_fetch_failed_requires_manual_review
naver-55568229070,컬러그램,[착색블러]컬러그램 쥬시 잼 블러 틴트 8COLOR,lip,www.oliveyoung.co.kr,https://www.oliveyoung.co.kr/store/common/partner.do?chlNo=1&chlDtlNo=1&utm_source=naver&utm_medium=shopping_ep&utm_campaign=onpro_ep_product_0101_1231&utm_content=pc_price&sndType=goods&sndVal=A000000228696,manual_review_required,terms_fetch_failed_requires_manual_review
naver-55580987021,웨이크메이크,[NEW/크림블러셔 기획] 웨이크메이크 소프트 블러링 아이팔레트(단품/기획),shadow,www.oliveyoung.co.kr,https://www.oliveyoung.co.kr/store/common/partner.do?chlNo=1&chlDtlNo=1&utm_source=naver&utm_medium=shopping_ep&utm_campaign=onpro_ep_product_0101_1231&utm_content=pc_price&sndType=goods&sndVal=A000000180532,manual_review_required,terms_fetch_failed_requires_manual_review
naver-60231168254,웨이크메이크,[NEW/미니틴트 기획] 웨이크메이크 볼드 립 블러 틴트 15COLOR,lip,www.oliveyoung.co.kr,https://www.oliveyoung.co.kr/store/common/partner.do?chlNo=1&chlDtlNo=1&utm_source=naver&utm_medium=shopping_ep&utm_campaign=onpro_ep_product_0101_1231&utm_content=pc_price&sndType=goods&sndVal=A000000258196,manual_review_required,terms_fetch_failed_requires_manual_review
naver-57918539952,롬앤,[롬앤X이나피스퀘어] 롬앤 누 제로 쿠션,base,www.oliveyoung.co.kr,https://www.oliveyoung.co.kr/store/common/partner.do?chlNo=1&chlDtlNo=1&utm_source=naver&utm_medium=shopping_ep&utm_campaign=onpro_ep_product_0101_1231&utm_content=pc_price&sndType=goods&sndVal=A000000164072,manual_review_required,terms_fetch_failed_requires_manual_review
naver-57395588830,롬앤,롬앤 슬라이드 인 싱글,shadow,www.oliveyoung.co.kr,https://www.oliveyoung.co.kr/store/common/partner.do?chlNo=1&chlDtlNo=1&utm_source=naver&utm_medium=shopping_ep&utm_campaign=onpro_ep_product_0101_1231&utm_content=pc_price&sndType=goods&sndVal=A000000212611,manual_review_required,terms_fetch_failed_requires_manual_review
naver-56910537359,페리페라,[페리페라] 페리페라 필터 핏 밀크 톤업 쿠션 12g,base,gate.halfclub.com,http://gate.halfclub.com/naver?site_cd=1&type=detail_pcode&p1=P406572692&partnerid=naverdb,manual_review_required,terms_not_configured
naver-57918549046,롬앤,롬앤 글래스팅 워터 틴트,lip,www.oliveyoung.co.kr,https://www.oliveyoung.co.kr/store/common/partner.do?chlNo=1&chlDtlNo=1&utm_source=naver&utm_medium=shopping_ep&utm_campaign=onpro_ep_product_0101_1231&utm_content=pc_price&sndType=goods&sndVal=A000000136343,manual_review_required,terms_fetch_failed_requires_manual_review
naver-49163543139,정샘물 뷰티,[정샘물뷰티] 정샘물 립프레션 시스루 틴트,lip,m.a-bly.com,https://m.a-bly.com/goods/2926732?utm_source=web_naver-shopping&utm_medium=display&utm_campaign=web_naver-shopping&utm_content=2926732,manual_review_required,terms_not_configured
naver-53124255709,컬러그램,[싱글섀도우]컬러그램 싱글 큐브 섀도우 23COLOR,shadow,www.oliveyoung.co.kr,https://www.oliveyoung.co.kr/store/common/partner.do?chlNo=1&chlDtlNo=1&utm_source=naver&utm_medium=shopping_ep&utm_campaign=onpro_ep_product_0101_1231&utm_content=pc_price&sndType=goods&sndVal=A000000216667,manual_review_required,terms_fetch_failed_requires_manual_review
naver-56212686933,웨이크메이크,[파우치 기획]웨이크메이크 워터 글로우 코팅밤(단품/기획),base,www.oliveyoung.co.kr,https://www.oliveyoung.co.kr/store/common/partner.do?chlNo=1&chlDtlNo=1&utm_source=naver&utm_medium=shopping_ep&utm_campaign=onpro_ep_product_0101_1231&utm_content=pc_price&sndType=goods&sndVal=A000000209147,manual_review_required,terms_fetch_failed_requires_manual_review
naver-58490394145,컬러그램,[컬러립밤]컬러그램 틴토리 잼 6COLOR,lip,www.oliveyoung.co.kr,https://www.oliveyoung.co.kr/store/common/partner.do?chlNo=1&chlDtlNo=1&utm_source=naver&utm_medium=shopping_ep&utm_campaign=onpro_ep_product_0101_1231&utm_content=pc_price&sndType=goods&sndVal=A000000201777,manual_review_required,terms_fetch_failed_requires_manual_review
naver-59999134087,데이지크,[데이지크] 무드 싱글 섀도우 40종,shadow,m.a-bly.com,https://m.a-bly.com/goods/53145563?utm_source=web_naver-shopping&utm_medium=display&utm_campaign=web_naver-shopping&utm_content=53145563,manual_review_required,terms_not_configured
naver-56318640108,롬앤,[NEW] 롬앤 쥬시 알 치크 단품/기획,cheek,www.oliveyoung.co.kr,https://www.oliveyoung.co.kr/store/common/partner.do?chlNo=1&chlDtlNo=1&utm_source=naver&utm_medium=shopping_ep&utm_campaign=onpro_ep_product_0101_1231&utm_content=pc_price&sndType=goods&sndVal=A000000219047,manual_review_required,robots_fetch_failed_requires_manual_review
naver-56424883397,웨이크메이크,[미니틴트 증정]웨이크메이크 워터 블러링 레이어 틴트 14COLOR(단품/기획),lip,www.oliveyoung.co.kr,https://www.oliveyoung.co.kr/store/common/partner.do?chlNo=1&chlDtlNo=1&utm_source=naver&utm_medium=shopping_ep&utm_campaign=onpro_ep_product_0101_1231&utm_content=pc_price&sndType=goods&sndVal=A000000223250,manual_review_required,robots_fetch_failed_requires_manual_review
naver-54279765774,정샘물 뷰티,[정샘물뷰티] 정샘물 아티스트 쿠션 블러쉬 (글로스미니 로즈도즈),cheek,m.a-bly.com,https://m.a-bly.com/goods/45014633?utm_source=web_naver-shopping&utm_medium=display&utm_campaign=web_naver-shopping&utm_content=45014633,manual_review_required,terms_not_configured
naver-59404539686,페리페라,페리페라 블러리 톡 치크 5 Colors (+미니치크 증정 기획),cheek,www.oliveyoung.co.kr,https://www.oliveyoung.co.kr/store/common/partner.do?chlNo=1&chlDtlNo=1&utm_source=naver&utm_medium=shopping_ep&utm_campaign=onpro_ep_product_0101_1231&utm_content=pc_price&sndType=goods&sndVal=A000000249488,manual_review_required,robots_fetch_failed_requires_manual_review
naver-54024915841,VDL,[VDL] 립스테인 에센셜 글로우 틴트,lip,m.a-bly.com,https://m.a-bly.com/goods/44228653?utm_source=web_naver-shopping&utm_medium=display&utm_campaign=web_naver-shopping&utm_content=44228653,manual_review_required,terms_not_configured
naver-59075048820,데이지크,[미니 틴트 증정] 데이지크 쥬시 듀이 틴트 28 colors (단품/기획),lip,www.oliveyoung.co.kr,https://www.oliveyoung.co.kr/store/common/partner.do?chlNo=1&chlDtlNo=1&utm_source=naver&utm_medium=shopping_ep&utm_campaign=onpro_ep_product_0101_1231&utm_content=pc_price&sndType=goods&sndVal=A000000184327,manual_review_required,robots_fetch_failed_requires_manual_review
naver-49163477690,정샘물 뷰티,[정샘물뷰티] 정샘물 에센셜 스킨 누더 쿠션 리필 x 2개 (더블클린 수정화장패드 x 5매),base,m.a-bly.com,https://m.a-bly.com/goods/3093835?utm_source=web_naver-shopping&utm_medium=display&utm_campaign=web_naver-shopping&utm_content=3093835,manual_review_required,terms_not_configured
naver-56149298490,라카,[NEW컬러출시] 라카 모노 아이섀도우,shadow,www.oliveyoung.co.kr,https://www.oliveyoung.co.kr/store/common/partner.do?chlNo=1&chlDtlNo=1&utm_source=naver&utm_medium=shopping_ep&utm_campaign=onpro_ep_product_0101_1231&utm_content=pc_price&sndType=goods&sndVal=A000000183472,manual_review_required,robots_fetch_failed_requires_manual_review
naver-60084440202,정샘물 뷰티,[정샘물뷰티] 정샘물 아티스트 아이 팔레트 코어 6종 (아이 팔레트 코어 브러쉬),shadow,m.a-bly.com,https://m.a-bly.com/goods/69321238?utm_source=web_naver-shopping&utm_medium=display&utm_campaign=web_naver-shopping&utm_content=69321238,manual_review_required,terms_not_configured
naver-55774345211,컬러그램,[포켓몬 에디션/모공블러셔]컬러그램 틴토리 솜 블러셔 14COLOR,cheek,www.oliveyoung.co.kr,https://www.oliveyoung.co.kr/store/common/partner.do?chlNo=1&chlDtlNo=1&utm_source=naver&utm_medium=shopping_ep&utm_campaign=onpro_ep_product_0101_1231&utm_content=pc_price&sndType=goods&sndVal=A000000228682,manual_review_required,robots_fetch_failed_requires_manual_review
naver-60464969790,라카,[라카 ][new] 퍼펙트 트윈 립 (10종),lip,chicor.com,https://chicor.com/goods/5100002077792?utm_source=naver&utm_medium=cpc&utm_campaign=ep,manual_review_required,terms_not_configured
naver-57800795317,페리페라,페리페라 올테이크 무드 라이크 팔레트,shadow,www.oliveyoung.co.kr,https://www.oliveyoung.co.kr/store/common/partner.do?chlNo=1&chlDtlNo=1&utm_source=naver&utm_medium=shopping_ep&utm_campaign=onpro_ep_product_0101_1231&utm_content=pc_price&sndType=goods&sndVal=A000000183970,manual_review_required,robots_fetch_failed_requires_manual_review
naver-56456062597,웨이크메이크,[NEW/헬시 치크] 웨이크메이크 쉐이킹 블러 치크 9COLOR,cheek,www.oliveyoung.co.kr,https://www.oliveyoung.co.kr/store/common/partner.do?chlNo=1&chlDtlNo=1&utm_source=naver&utm_medium=shopping_ep&utm_campaign=onpro_ep_product_0101_1231&utm_content=pc_price&sndType=goods&sndVal=A000000231339,manual_review_required,robots_fetch_failed_requires_manual_review
naver-60202637260,네이밍,[7월 올영픽/위위시헌쌤픽] 네이밍 하이 듀 립 글레이즈 (+미니틴트) 9colors,lip,www.oliveyoung.co.kr,https://www.oliveyoung.co.kr/store/common/partner.do?chlNo=1&chlDtlNo=1&utm_source=naver&utm_medium=shopping_ep&utm_campaign=onpro_ep_product_0101_1231&utm_content=pc_price&sndType=goods&sndVal=A000000257218,manual_review_required,robots_fetch_failed_requires_manual_review
naver-57918547816,롬앤,롬앤 듀이풀 워터 틴트,lip,www.oliveyoung.co.kr,https://www.oliveyoung.co.kr/store/common/partner.do?chlNo=1&chlDtlNo=1&utm_source=naver&utm_medium=shopping_ep&utm_campaign=onpro_ep_product_0101_1231&utm_content=pc_price&sndType=goods&sndVal=A000000158893,manual_review_required,robots_fetch_failed_requires_manual_review
naver-58115914508,에뛰드,에뛰드 뽀용 아이 메이커 4 Colors,shadow,www.oliveyoung.co.kr,https://www.oliveyoung.co.kr/store/common/partner.do?chlNo=1&chlDtlNo=1&utm_source=naver&utm_medium=shopping_ep&utm_campaign=onpro_ep_product_0101_1231&utm_content=pc_price&sndType=goods&sndVal=A000000228774,manual_review_required,robots_fetch_failed_requires_manual_review
naver-56950179922,컬러그램,[위글위글 콜라보/리뉴얼] 컬러그램 눈토리얼 아이 팔레트 5COLOR,shadow,www.oliveyoung.co.kr,https://www.oliveyoung.co.kr/store/common/partner.do?chlNo=1&chlDtlNo=1&utm_source=naver&utm_medium=shopping_ep&utm_campaign=onpro_ep_product_0101_1231&utm_content=pc_price&sndType=goods&sndVal=A000000234373,manual_review_required,robots_fetch_failed_requires_manual_review
naver-60419371058,투쿨포스쿨,[투쿨포스쿨] ONLY ABLY 프로타주 펜슬 / 틴트 / 브로우 / 라이너 외,shadow,m.a-bly.com,https://m.a-bly.com/goods/38022424?utm_source=web_naver-shopping&utm_medium=display&utm_campaign=web_naver-shopping&utm_content=38022424,manual_review_required,terms_not_configured
naver-49163458340,데이지크,[데이지크] 블렌딩 무드 치크,cheek,m.a-bly.com,https://m.a-bly.com/goods/4582150?utm_source=web_naver-shopping&utm_medium=display&utm_campaign=web_naver-shopping&utm_content=4582150,manual_review_required,terms_not_configured
naver-56422598801,클리오,클리오 에센셜 립치크 탭 4.5g 14종,cheek,www.oliveyoung.co.kr,https://www.oliveyoung.co.kr/store/common/partner.do?chlNo=1&chlDtlNo=1&utm_source=naver&utm_medium=shopping_ep&utm_campaign=onpro_ep_product_0101_1231&utm_content=pc_price&sndType=goods&sndVal=A000000211400,manual_review_required,robots_fetch_failed_requires_manual_review
naver-60208613027,VDL,[레몬패키지] VDL 커버 스테인 퍼펙팅 쿠션 기획 (본품+리필),base,www.oliveyoung.co.kr,https://www.oliveyoung.co.kr/store/common/partner.do?chlNo=1&chlDtlNo=1&utm_source=naver&utm_medium=shopping_ep&utm_campaign=onpro_ep_product_0101_1231&utm_content=pc_price&sndType=goods&sndVal=A000000185903,manual_review_required,robots_fetch_failed_requires_manual_review
naver-55400191676,VDL,[VDL] 아이스테인 에센셜 섀도우 듀오,shadow,m.a-bly.com,https://m.a-bly.com/goods/43648475?utm_source=web_naver-shopping&utm_medium=display&utm_campaign=web_naver-shopping&utm_content=43648475,manual_review_required,robots_fetch_failed_requires_manual_review
naver-49163445416,롬앤,[롬앤] 베러 댄 치크,cheek,m.a-bly.com,https://m.a-bly.com/goods/2012759?utm_source=web_naver-shopping&utm_medium=display&utm_campaign=web_naver-shopping&utm_content=2012759&coupon_sno=50253092,manual_review_required,robots_fetch_failed_requires_manual_review
naver-57918556957,클리오,클리오 킬커버 하이 글로우 쿠션(본품+리필 기획),base,www.oliveyoung.co.kr,https://www.oliveyoung.co.kr/store/common/partner.do?chlNo=1&chlDtlNo=1&utm_source=naver&utm_medium=shopping_ep&utm_campaign=onpro_ep_product_0101_1231&utm_content=pc_price&sndType=goods&sndVal=A000000188879,manual_review_required,robots_fetch_failed_requires_manual_review
naver-50894865563,컬러그램,[꼬막눈 확장/듀오기획]컬러그램 음영 창조 라이너 10COLOR (기획/단품),liner,www.oliveyoung.co.kr,https://www.oliveyoung.co.kr/store/common/partner.do?chlNo=1&chlDtlNo=1&utm_source=naver&utm_medium=shopping_ep&utm_campaign=onpro_ep_product_0101_1231&utm_content=pc_price&sndType=goods&sndVal=A000000162103,manual_review_required,robots_fetch_failed_requires_manual_review
naver-57407579505,네이밍,[품절대란/단종템부활] 네이밍 플러피 파우더 블러쉬,cheek,www.oliveyoung.co.kr,https://www.oliveyoung.co.kr/store/common/partner.do?chlNo=1&chlDtlNo=1&utm_source=naver&utm_medium=shopping_ep&utm_campaign=onpro_ep_product_0101_1231&utm_content=pc_price&sndType=goods&sndVal=A000000171371,manual_review_required,robots_fetch_failed_requires_manual_review
naver-56354126230,정샘물 뷰티,[정샘물뷰티] 정샘물 아티스트 쿠션 블러쉬 블러 (글로스미니 로즈도즈),cheek,m.a-bly.com,https://m.a-bly.com/goods/50435892?utm_source=web_naver-shopping&utm_medium=display&utm_campaign=web_naver-shopping&utm_content=50435892,manual_review_required,robots_fetch_failed_requires_manual_review
naver-59330543110,페리페라,페리페라 시럽피 톡 치크 13 Colors,cheek,www.oliveyoung.co.kr,https://www.oliveyoung.co.kr/store/common/partner.do?chlNo=1&chlDtlNo=1&utm_source=naver&utm_medium=shopping_ep&utm_campaign=onpro_ep_product_0101_1231&utm_content=pc_price&sndType=goods&sndVal=A000000217779,manual_review_required,robots_fetch_failed_requires_manual_review
naver-59678662082,네이밍,[7월 올영픽/여름지성쿠션] 네이밍 올데이 마스터 쿠션 리필 기획 (+부오이 파우치),base,www.oliveyoung.co.kr,https://www.oliveyoung.co.kr/store/common/partner.do?chlNo=1&chlDtlNo=1&utm_source=naver&utm_medium=shopping_ep&utm_campaign=onpro_ep_product_0101_1231&utm_content=pc_price&sndType=goods&sndVal=A000000251851,manual_review_required,robots_fetch_failed_requires_manual_review
naver-57535925915,정샘물 뷰티,[정샘물뷰티] 정샘물 에센셜 스킨 누더 쿠션(본품+리필),base,m.a-bly.com,https://m.a-bly.com/goods/34025072?utm_source=web_naver-shopping&utm_medium=display&utm_campaign=web_naver-shopping&utm_content=34025072,manual_review_required,robots_fetch_failed_requires_manual_review
naver-56456048563,웨이크메이크,웨이크메이크 소프트 드로잉 슬림 브로우 4COLOR,brow,www.oliveyoung.co.kr,https://www.oliveyoung.co.kr/store/common/partner.do?chlNo=1&chlDtlNo=1&utm_source=naver&utm_medium=shopping_ep&utm_campaign=onpro_ep_product_0101_1231&utm_content=pc_price&sndType=goods&sndVal=A000000208272,manual_review_required,robots_fetch_failed_requires_manual_review
naver-56425945155,웨이크메이크,[1+1]웨이크메이크 철벽 브러쉬 아이라이너 3COLOR(1+1 기획),liner,www.oliveyoung.co.kr,https://www.oliveyoung.co.kr/store/common/partner.do?chlNo=1&chlDtlNo=1&utm_source=naver&utm_medium=shopping_ep&utm_campaign=onpro_ep_product_0101_1231&utm_content=pc_price&sndType=goods&sndVal=A000000130012,manual_review_required,robots_fetch_failed_requires_manual_review
naver-46093215046,라카,[라카]모노 아이섀도우 (50종 택1),shadow,chicor.com,https://chicor.com/goods/0000000079824?utm_source=naver&utm_medium=cpc&utm_campaign=ep,manual_review_required,terms_not_configured
naver-55027228004,에뛰드,에뛰드 하트 팝 블러셔,cheek,www.oliveyoung.co.kr,https://www.oliveyoung.co.kr/store/common/partner.do?chlNo=1&chlDtlNo=1&utm_source=naver&utm_medium=shopping_ep&utm_campaign=onpro_ep_product_0101_1231&utm_content=pc_price&sndType=goods&sndVal=A000000181634,manual_review_required,robots_fetch_failed_requires_manual_review
naver-56424895679,웨이크메이크,[숨결 블러셔]웨이크메이크 쉬어 브리즈 블러셔 5g 7COLOR,cheek,www.oliveyoung.co.kr,https://www.oliveyoung.co.kr/store/common/partner.do?chlNo=1&chlDtlNo=1&utm_source=naver&utm_medium=shopping_ep&utm_campaign=onpro_ep_product_0101_1231&utm_content=pc_price&sndType=goods&sndVal=A000000223261,manual_review_required,robots_fetch_failed_requires_manual_review
naver-57918569105,클리오,클리오 익스트림 젤프레소 펜슬라이너,liner,www.oliveyoung.co.kr,https://www.oliveyoung.co.kr/store/common/partner.do?chlNo=1&chlDtlNo=1&utm_source=naver&utm_medium=shopping_ep&utm_campaign=onpro_ep_product_0101_1231&utm_content=pc_price&sndType=goods&sndVal=A000000160931,manual_review_required,robots_fetch_failed_requires_manual_review
naver-59503960155,VDL,[NEW제형출시] VDL 치크스테인 블러셔 밤 5.5g,cheek,www.oliveyoung.co.kr,https://www.oliveyoung.co.kr/store/common/partner.do?chlNo=1&chlDtlNo=1&utm_source=naver&utm_medium=shopping_ep&utm_campaign=onpro_ep_product_0101_1231&utm_content=pc_price&sndType=goods&sndVal=A000000250255,manual_review_required,robots_fetch_failed_requires_manual_review
naver-59660675985,데이지크,[데이지크] 미니 블렌딩 무드 치크,cheek,m.a-bly.com,https://m.a-bly.com/goods/67205249?utm_source=web_naver-shopping&utm_medium=display&utm_campaign=web_naver-shopping&utm_content=67205249,manual_review_required,terms_not_configured
naver-49163486955,정샘물 뷰티,[정샘물뷰티] 정샘물 아티스트 브로우 쉐이더 슬림,brow,m.a-bly.com,https://m.a-bly.com/goods/3245040?utm_source=web_naver-shopping&utm_medium=display&utm_campaign=web_naver-shopping&utm_content=3245040,manual_review_required,terms_not_configured
naver-57918522792,롬앤,롬앤 립매터,liner,www.oliveyoung.co.kr,https://www.oliveyoung.co.kr/store/common/partner.do?chlNo=1&chlDtlNo=1&utm_source=naver&utm_medium=shopping_ep&utm_campaign=onpro_ep_product_0101_1231&utm_content=pc_price&sndType=goods&sndVal=A000000105803,manual_review_required,robots_fetch_failed_requires_manual_review
naver-49163537648,정샘물 뷰티,[정샘물뷰티] 정샘물 아티스트 엣지 아이 펜슬,liner,m.a-bly.com,https://m.a-bly.com/goods/3244981?utm_source=web_naver-shopping&utm_medium=display&utm_campaign=web_naver-shopping&utm_content=3244981,manual_review_required,terms_not_configured
naver-56057064634,라카,라카 러브 실크 블러쉬 6 colors,cheek,www.oliveyoung.co.kr,https://www.oliveyoung.co.kr/store/common/partner.do?chlNo=1&chlDtlNo=1&utm_source=naver&utm_medium=shopping_ep&utm_campaign=onpro_ep_product_0101_1231&utm_content=pc_price&sndType=goods&sndVal=A000000183448,manual_review_required,robots_fetch_failed_requires_manual_review
naver-58981410135,페리페라,페리페라 스피디 스키니 브로우 마스카라 10 Colors,brow,www.oliveyoung.co.kr,https://www.oliveyoung.co.kr/store/common/partner.do?chlNo=1&chlDtlNo=1&utm_source=naver&utm_medium=shopping_ep&utm_campaign=onpro_ep_product_0101_1231&utm_content=pc_price&sndType=goods&sndVal=A000000167236,manual_review_required,robots_fetch_failed_requires_manual_review
naver-53179305530,3CE,3CE 마이링 아이라이너 5colors,liner,www.oliveyoung.co.kr,https://www.oliveyoung.co.kr/store/common/partner.do?chlNo=1&chlDtlNo=1&utm_source=naver&utm_medium=shopping_ep&utm_campaign=onpro_ep_product_0101_1231&utm_content=pc_price&sndType=goods&sndVal=A000000219135,manual_review_required,robots_fetch_failed_requires_manual_review
naver-58572181779,웨이크메이크,[NEW/브로우맛집] 웨이크메이크 리얼 픽싱 슬림 브로우카라 5COLOR,brow,www.oliveyoung.co.kr,https://www.oliveyoung.co.kr/store/common/partner.do?chlNo=1&chlDtlNo=1&utm_source=naver&utm_medium=shopping_ep&utm_campaign=onpro_ep_product_0101_1231&utm_content=pc_price&sndType=goods&sndVal=A000000244390,manual_review_required,robots_fetch_failed_requires_manual_review
naver-49596371287,VDL,[셀러허브_뷰티] VDL 엑스퍼트 스키니 아이 브로우 펜슬 01 다크브라운,brow,gate.halfclub.com,http://gate.halfclub.com/naver?site_cd=1&type=detail_pcode&p1=P368679012&partnerid=naverdb,manual_review_required,robots_fetch_failed_requires_manual_review
naver-57800793314,데이지크,[단독기획] 데이지크 무드 업 마스카라 롱앤컬 1+1기획 2 colors,liner,www.oliveyoung.co.kr,https://www.oliveyoung.co.kr/store/common/partner.do?chlNo=1&chlDtlNo=1&utm_source=naver&utm_medium=shopping_ep&utm_campaign=onpro_ep_product_0101_1231&utm_content=pc_price&sndType=goods&sndVal=A000000180888,manual_review_required,robots_fetch_failed_requires_manual_review
naver-55627577636,클리오,[NO.1 아이라이너] 클리오 샤프 쏘 심플 워터프루프 펜슬라이너 단품/더블기획,liner,www.oliveyoung.co.kr,https://www.oliveyoung.co.kr/store/common/partner.do?chlNo=1&chlDtlNo=1&utm_source=naver&utm_medium=shopping_ep&utm_campaign=onpro_ep_product_0101_1231&utm_content=pc_price&sndType=goods&sndVal=A000000198343,manual_review_required,robots_fetch_failed_requires_manual_review
naver-26824402312,롬앤,[롬앤] 한올 샤프 브로우,brow,chicor.com,https://chicor.com/goods/0000000036952?utm_source=naver&utm_medium=cpc&utm_campaign=ep,manual_review_required,terms_not_configured
naver-49163464884,정샘물 뷰티,[정샘물뷰티] 정샘물 아티스트 브로우 포마드,brow,m.a-bly.com,https://m.a-bly.com/goods/3245072?utm_source=web_naver-shopping&utm_medium=display&utm_campaign=web_naver-shopping&utm_content=3245072,manual_review_required,terms_not_configured
naver-49163506150,정샘물 뷰티,[정샘물뷰티] 아티스트 콜 펜 라이너,liner,m.a-bly.com,https://m.a-bly.com/goods/2419339?utm_source=web_naver-shopping&utm_medium=display&utm_campaign=web_naver-shopping&utm_content=2419339,manual_review_required,terms_not_configured
